{
    "amis": {
        "ap-northeast-1": {
            "hvm": "ami-0c8c2c35ae07ac572"
        },
        "ap-northeast-2": {
            "hvm": "ami-010af327f86c8a02c"
        },
        "ap-south-1": {
            "hvm": "ami-03fe741d2bf2ee216"
        },
        "ap-southeast-1": {
            "hvm": "ami-0879cad86aa8349c3"
        },
        "ap-southeast-2": {
            "hvm": "ami-099aac4bc6e985880"
        },
        "ca-central-1": {
            "hvm": "ami-04d2f93f76b4226f2"
        },
        "eu-central-1": {
            "hvm": "ami-0011961e1d9893b6b"
        },
        "eu-north-1": {
            "hvm": "ami-05f81007057ca17e7"
        },
        "eu-west-1": {
            "hvm": "ami-04cb620c87d515b5b"
        },
        "eu-west-2": {
            "hvm": "ami-0f21c8f4a310b8938"
        },
        "eu-west-3": {
            "hvm": "ami-06a6bb9fc3a0875b0"
        },
        "me-south-1": {
            "hvm": "ami-0bef4a120faab9a67"
        },
        "sa-east-1": {
            "hvm": "ami-0c58c24370e60272d"
        },
        "us-east-1": {
            "hvm": "ami-00301944410f43c17"
        },
        "us-east-2": {
            "hvm": "ami-0afa89b05b5787411"
        },
        "us-west-1": {
            "hvm": "ami-05e21ae9331ad19f7"
        },
        "us-west-2": {
            "hvm": "ami-047db85e3c4f5ab29"
        }
    },
    "azure": {
        "image": "rhcos-44.82.202008011133-0-azure.x86_64.vhd",
        "url": "https://rhcos.blob.core.windows.net/imagebucket/rhcos-44.82.202008011133-0-azure.x86_64.vhd"
    },
    "baseURI": "https://releases-art-rhcos.svc.ci.openshift.org/art/storage/releases/rhcos-4.4/44.82.202008011133-0/x86_64/",
    "buildid": "44.82.202008011133-0",
    "gcp": {
        "image": "rhcos-44-82-202008011133-0-gcp-x86-64",
        "url": "https://storage.googleapis.com/rhcos/rhcos/rhcos-44-82-202008011133-0-gcp-x86-64.tar.gz"
    },
    "images": {
        "aws": {
            "path": "rhcos-44.82.202008011133-0-aws.x86_64.vmdk.gz",
            "sha256": "7c63cd832d716ceec84d9decc716c435b29a58c6db889467a9444749257dc7f9",
            "size": 903626039,
            "uncompressed-sha256": "9cf613f4ec7e3e8f17716eb3e4b8e835c9fcb8e6ca876d3a06d7dbbabea2be50",
            "uncompressed-size": 923458048
        },
        "azure": {
            "path": "rhcos-44.82.202008011133-0-azure.x86_64.vhd.gz",
            "sha256": "9bacc07e8865d8a41218e63940b75249da5261be704b08a66411d27b68e10221",
            "size": 904399396,
            "uncompressed-sha256": "e419916db0d4a96daa83d11ae4bf958c3b474874826af00d92f68573eea93400",
            "uncompressed-size": 17179869696
        },
        "gcp": {
            "path": "rhcos-44.82.202008011133-0-gcp.x86_64.tar.gz",
            "sha256": "a4751736669c64b9cfc3df743e0d4036555f2a2d1d543ce32a21dfad26bcae1d",
            "size": 889701626
        },
        "initramfs": {
            "path": "rhcos-44.82.202008011133-0-installer-initramfs.x86_64.img",
            "sha256": "e6683177bfc39fbdeeb668a04d0643486f7c736b510ac00e44a88f3159f9c0ed"
        },
        "iso": {
            "path": "rhcos-44.82.202008011133-0-installer.x86_64.iso",
            "sha256": "afb1be9de50bd13330c7d2d7393af2b085cb4467d40a52482f4cc5522301fef9"
        },
        "kernel": {
            "path": "rhcos-44.82.202008011133-0-installer-kernel-x86_64",
            "sha256": "61cb3e86579864135449b5e9959d6fb9d813456e9d3315b315c15c90e4ba7e05"
        },
        "metal": {
            "path": "rhcos-44.82.202008011133-0-metal.x86_64.raw.gz",
            "sha256": "cb8bc6f5094ae740d8f552c6c2cc1d3bfd5b273f0cb65352fa6ca9e78a86d89e",
            "size": 891336066,
            "uncompressed-sha256": "66c0f52a989265ef37dad8b1dfdb02615aa87ca08bf28db78063ed666a939b33",
            "uncompressed-size": 3736076288
        },
        "openstack": {
            "path": "rhcos-44.82.202008011133-0-openstack.x86_64.qcow2.gz",
            "sha256": "5723184687f5ec2ae1f822bfa167fcc0d8297de347937152beb2647e615044e8",
            "size": 889994610,
            "uncompressed-sha256": "4cb6fec1a0dbf09409e2b52dbf78157a5444070df439240064a6eab7387bb779",
            "uncompressed-size": 2378366976
        },
        "ostree": {
            "path": "rhcos-44.82.202008011133-0-ostree.x86_64.tar",
            "sha256": "a18af22b82624e36e6127fcf04fc6a1f4556d069fccabe2841d7c7735775fc8a",
            "size": 821401600
        },
        "qemu": {
            "path": "rhcos-44.82.202008011133-0-qemu.x86_64.qcow2.gz",
            "sha256": "ba11afc7b62e018888bb5bd6947dca9c878fd9400977924730abb9d1d3f862ac",
            "size": 891268718,
            "uncompressed-sha256": "a12274824ffa5ac69bb7ced263953b0b8e8d156d18432824018b0196f0473588",
            "uncompressed-size": 2426601472
        },
        "vmware": {
            "path": "rhcos-44.82.202008011133-0-vmware.x86_64.ova",
            "sha256": "a72d45c288aa332b064338cf2b024cb8c5e5172aa8bfcffb11651d72a13842fe",
            "size": 923473920
        }
    },
    "oscontainer": {
        "digest": "sha256:035e6b01f3e1ee235ae55a70f8101ad01d159a5920d7e00e6b156d820d1ea1fb",
        "image": "quay.io/openshift-release-dev/ocp-v4.0-art-dev"
    },
    "ostree-commit": "a0f9f9a7ccdf6ac8a7d83abcdae42f05c9295c172a8635e466be6804f94d33d5",
    "ostree-version": "44.82.202008011133-0"
}